{
    "mean": [
        29.994619543146925,
        1.0046825514670183,
        0.714766626889657,
        0.99672219283565,
        51.90679786855475,
        3593.720426808393,
        0.29829779485089447,
        0.5001690932267323,
        0.20043183808673182,
        0.600853270436434
    ],
    "scale": [
        30.23081901295216,
        1.9961972805895174,
        0.15909040743481584,
        1.001376776114058,
        50.144476395985656,
        3595.267213245616,
        0.45751089652377475,
        0.49999997140747987,
        0.40032351463273547,
        0.48972300113663797
    ]
}